{
  "cagr": 3.4686326158883674e-05,
  "max_drawdown": -3.438320931430922e-05,
  "monthly_count": 10.0,
  "sharpe": 0.9315516399361646,
  "total_return": 2.959341719988018e-05,
  "trade_avg_hold_days": 34.75,
  "trade_avg_loss": -1.5093004149999913,
  "trade_avg_ret": 0.003649239926867859,
  "trade_avg_win": 2.2874832649999917,
  "trade_profit_factor": 1.5155917551377636,
  "trade_trades": 4.0,
  "trade_win_rate": 0.5
}