{
  "cagr": 0.00020861766844548768,
  "max_drawdown": -7.381177520931547e-05,
  "monthly_count": 10.0,
  "sharpe": 1.605678492609211,
  "total_return": 0.00017798457080009378,
  "trade_avg_hold_days": 40.2,
  "trade_avg_loss": -2.0081580874999894,
  "trade_avg_ret": 0.004452496771485759,
  "trade_avg_win": 3.1155767800000027,
  "trade_profit_factor": 2.327189875682548,
  "trade_trades": 10.0,
  "trade_win_rate": 0.6
}