{
  "cagr": 0.02552141884379089,
  "max_drawdown": 0.0,
  "monthly_count": 10.0,
  "sharpe": 195.96577162950794,
  "total_return": 0.021733822935519953,
  "trade_avg_hold_days": 40.2,
  "trade_avg_loss": -2.0081580874999894,
  "trade_avg_ret": 0.004452496771485759,
  "trade_avg_win": 3.1155767800000027,
  "trade_profit_factor": 2.327189875682548,
  "trade_trades": 10.0,
  "trade_win_rate": 0.6
}