{
  "cagr": 0.02598027924240398,
  "max_drawdown": -0.00016720310830866864,
  "monthly_count": 10.0,
  "sharpe": 15.51987662912014,
  "total_return": 0.022123852267015742,
  "trade_avg_hold_days": 33.3,
  "trade_avg_loss": -16.302519208333262,
  "trade_avg_ret": -0.0011821538062255555,
  "trade_avg_win": 26.656779974999978,
  "trade_profit_factor": 1.0900883736371245,
  "trade_trades": 20.0,
  "trade_win_rate": 0.4
}