{
  "cagr": 0.010439631892191326,
  "max_drawdown": -0.011695502391427104,
  "monthly_count": 10.0,
  "sharpe": 0.6291642798836423,
  "total_return": 0.008900029680000365,
  "trade_avg_hold_days": 33.3,
  "trade_avg_loss": -163.0251920833326,
  "trade_avg_ret": -0.0011821538062255555,
  "trade_avg_win": 266.5677997499998,
  "trade_profit_factor": 1.0900883736371245,
  "trade_trades": 20.0,
  "trade_win_rate": 0.4
}